Workbook

Sheet Tổng hợp
A1: Nhóm | B1: Task | C1: Không art (giờ) | D1: Thêm art (giờ) | E1: Tổng (giờ) | F1: Số việc | G1: Đã xong
A2: T0 | B2: Chuẩn bị | C2: =SUMIFS(Tasks!$H$2:$H$26,Tasks!$B$2:$B$26,A2) | D2: =SUMIFS(Tasks!$I$2:$I$26,Tasks!$B$2:$B$26,A2) | E2: =C2+D2 | F2: =COUNTIFS(Tasks!$B$2:$B$26,A2) | G2: =COUNTIFS(Tasks!$B$2:$B$26,A2,Tasks!$L$2:$L$26,"Xong")
A3: T1 | B3: Dựng board | C3: =SUMIFS(Tasks!$H$2:$H$26,Tasks!$B$2:$B$26,A3) | D3: =SUMIFS(Tasks!$I$2:$I$26,Tasks!$B$2:$B$26,A3) | E3: =C3+D3 | F3: =COUNTIFS(Tasks!$B$2:$B$26,A3) | G3: =COUNTIFS(Tasks!$B$2:$B$26,A3,Tasks!$L$2:$L$26,"Xong")
A4: T2 | B4: Bày và sắp xếp chồng bài | C4: =SUMIFS(Tasks!$H$2:$H$26,Tasks!$B$2:$B$26,A4) | D4: =SUMIFS(Tasks!$I$2:$I$26,Tasks!$B$2:$B$26,A4) | E4: =C4+D4 | F4: =COUNTIFS(Tasks!$B$2:$B$26,A4) | G4: =COUNTIFS(Tasks!$B$2:$B$26,A4,Tasks!$L$2:$L$26,"Xong")
A5: T3 | B5: Xử lý ngăn chờ | C5: =SUMIFS(Tasks!$H$2:$H$26,Tasks!$B$2:$B$26,A5) | D5: =SUMIFS(Tasks!$I$2:$I$26,Tasks!$B$2:$B$26,A5) | E5: =C5+D5 | F5: =COUNTIFS(Tasks!$B$2:$B$26,A5) | G5: =COUNTIFS(Tasks!$B$2:$B$26,A5,Tasks!$L$2:$L$26,"Xong")
A6: T4 | B6: Xử lý chồng đích | C6: =SUMIFS(Tasks!$H$2:$H$26,Tasks!$B$2:$B$26,A6) | D6: =SUMIFS(Tasks!$I$2:$I$26,Tasks!$B$2:$B$26,A6) | E6: =C6+D6 | F6: =COUNTIFS(Tasks!$B$2:$B$26,A6) | G6: =COUNTIFS(Tasks!$B$2:$B$26,A6,Tasks!$L$2:$L$26,"Xong")
A7: T5 | B7: Lấy điểm (đích đủ lá thì biến mất) | C7: =SUMIFS(Tasks!$H$2:$H$26,Tasks!$B$2:$B$26,A7) | D7: =SUMIFS(Tasks!$I$2:$I$26,Tasks!$B$2:$B$26,A7) | E7: =C7+D7 | F7: =COUNTIFS(Tasks!$B$2:$B$26,A7) | G7: =COUNTIFS(Tasks!$B$2:$B$26,A7,Tasks!$L$2:$L$26,"Xong")
A8: T6 | B8: Kiểm tra và chụp màn | C8: =SUMIFS(Tasks!$H$2:$H$26,Tasks!$B$2:$B$26,A8) | D8: =SUMIFS(Tasks!$I$2:$I$26,Tasks!$B$2:$B$26,A8) | E8: =C8+D8 | F8: =COUNTIFS(Tasks!$B$2:$B$26,A8) | G8: =COUNTIFS(Tasks!$B$2:$B$26,A8,Tasks!$L$2:$L$26,"Xong")
B9: TỔNG | C9: =SUM(C2:C8) | D9: =SUM(D2:D8) | E9: =SUM(E2:E8) | F9: =SUM(F2:F8) | G9: =SUM(G2:G8)
B10: Quy ra ngày (8 giờ/ngày) | C10: =C9/8 | D10: =D9/8 | E10: =E9/8
A12: Ghi chú
A13: • Luật của cả 5 task đã code xong; thời gian còn lại là dựng hình, chạm và animation trong Unity.
A14: • 'Không art' = khối màu đơn giản + chữ cái phân biệt màu, lá trượt thẳng. Cần người duyệt cho phép placeholder (rule #17), ghi vào DECISIONS.md, thay art thật trước cổng Bước 6.
A15: • 'Lấy điểm' = đích nhận đủ số lá (2–6, ghi trong file level) thì biến mất, đích kế tiếp trượt vào (R-9). GDD không có điểm/sao (R-14).
A16: • Ngoài phạm vi: 30 level thật (~1 ngày), popup Thắng/Thua/Continue, cộng xu, booster, hướng dẫn chơi lần đầu, Home, Pause, âm thanh.
A17: • Ước lượng của Claude ngày 06-10-2026, đơn vị giờ (đổi từ ngày × 8, làm tròn 0.5 giờ), không tính thời gian duyệt. Sửa số ở cột H/I sheet Tasks (chữ xanh), tổng tự cập nhật.
A18: • Thứ tự: T0 → T1 → T2 → T3 + T4 song song → T5 → T6. Cột 'Làm sau' ghi việc phải xong trước.
A19: • Cột 'Trạng thái' (sheet Tasks) chọn: Chưa làm / Đang làm / Xong / Bị chặn.

Sheet Tasks
A1: ID | B1: Nhóm | C1: Task | D1: Việc | E1: Kết quả người chơi thấy | F1: Luật GDD | G1: Luật đã code | H1: ETA không art (giờ) | I1: ETA thêm art (giờ) | J1: Tổng (giờ) | K1: Làm sau | L1: Trạng thái | M1: Ghi chú
A2: 0.1 | B2: T0 | C2: Chuẩn bị | D2: Sửa 1 bài kiểm tra luật đang lỗi + lưu code hiện có | E2: Code luật đã viết; 1/50 bài tự kiểm tra lỗi, có thể do level mẫu trong bài kiểm tra sai | F2: R-18 | G2: Xong | H2: 1 | I2: 0 | J2: =H2+I2 | L2: Chưa làm
A3: 0.2 | B3: T0 | C3: Chuẩn bị | D3: Chọn vài level mẫu để test | E3: 3–5 level nhỏ để chơi thử trong lúc làm core (30 level thật là task riêng) | F3: R-1, R-1b | G3: Xong | H3: 1 | I3: 0 | J3: =H3+I3 | L3: Chưa làm
A4: 1.1 | B4: T1 | C4: Dựng board | D4: Tạo màn Gameplay và nối với luật chơi | E4: Màn chơi mở được, đọc level và khởi tạo bàn | F4: R-2 | G4: Xong | H4: 2 | I4: 0 | J4: =H4+I4 | K4: 0.1 | L4: Chưa làm
A5: 1.2 | B5: T1 | C5: Dựng board | D5: Chia 3 vùng: đích → ngăn chờ → bàn | E5: Ba vùng tách bạch, không chồng lên nhau, vừa cả màn 9:16 và 9:20 | F5: — | G5: — | H5: 2 | I5: 0 | J5: =H5+I5 | K5: 1.1 | L5: Chưa làm
A6: 1.3 | B6: T1 | C6: Dựng board | D6: Đưa art vào game | E6: Nhập 71 hình đã duyệt; nền kem, khay gỗ | F6: — | G6: — | H6: 0 | I6: 2 | J6: =H6+I6 | K6: 1.2 | L6: Chưa làm
A7: 1.4 | B7: T1 | C7: Dựng board | D7: Bảng màu, khoảng cách, cỡ chữ | E7: Lấy đúng bảng thiết kế đã duyệt (design tokens) | F7: — | G7: — | H7: 0 | I7: 1 | J7: =H7+I7 | K7: 1.3 | L7: Chưa làm
A8: 2.1 | B8: T2 | C8: Bày và sắp xếp chồng bài | D8: Đặt chồng theo vị trí và tầng | E8: Chồng nằm đúng chỗ, chồng tầng cao đè lên chồng tầng thấp. Có art: lá có màu + hoạ tiết, bóng | F8: R-3 | G8: Xong | H8: 2 | I8: 2 | J8: =H8+I8 | K8: 1.2 | L8: Chưa làm
A9: 2.2 | B9: T2 | C9: Bày và sắp xếp chồng bài | D9: Chồng bị che | E9: Tối hơn rõ (≤ 70% độ sáng), không viền nổi, không chạm được | F9: R-3, R-4 | G9: Xong | H9: 1 | I9: 1 | J9: =H9+I9 | K9: 2.1 | L9: Chưa làm
A10: 2.3 | B10: T2 | C10: Bày và sắp xếp chồng bài | D10: Chạm chồng mở | E10: Lấy cả nhóm lá cùng màu liền nhau trên cùng | F10: R-4, R-6 | G10: Xong | H10: 1 | I10: 0 | J10: =H10+I10 | K10: 2.1 | L10: Chưa làm
A11: 2.4 | B11: T2 | C11: Bày và sắp xếp chồng bài | D11: Chạm chồng bị che → lắc | E11: Chồng lắc nhẹ, luật không đổi gì | F11: R-4 | G11: Xong | H11: 0 | I11: 1 | J11: =H11+I11 | K11: 2.2 | L11: Chưa làm
A12: 2.5 | B12: T2 | C12: Bày và sắp xếp chồng bài | D12: Chồng hết bài | E12: Chồng biến mất, chồng bên dưới lộ ra và thành chạm được | F12: R-5 | G12: Xong | H12: 0.5 | I12: 1 | J12: =H12+I12 | K12: 2.3 | L12: Chưa làm
A13: 3.1 | B13: T3 | C13: Xử lý ngăn chờ | D13: Lá chưa có đích → vào ngăn chờ | E13: Lá bay vào ô trống kế tiếp của ngăn chờ | F13: R-7 | G13: Xong | H13: 1 | I13: 1 | J13: =H13+I13 | K13: 2.3 | L13: Chưa làm
A14: 3.2 | B14: T3 | C14: Xử lý ngăn chờ | D14: Hiện số chỗ còn trống | E14: Nhìn là biết còn bao nhiêu chỗ. Có art: nhấp nháy đỏ khi còn ≤ 2 chỗ | F14: R-7 | G14: Xong | H14: 1 | I14: 1 | J14: =H14+I14 | K14: 3.1 | L14: Chưa làm
A15: 3.3 | B15: T3 | C15: Xử lý ngăn chờ | D15: Lá trong ngăn tự bay lên | E15: Khi có đích cùng màu còn chỗ, lá trong ngăn tự bay lên theo thứ tự vào trước | F15: R-10 | G15: Xong | H15: 1 | I15: 1 | J15: =H15+I15 | K15: 3.1, 4.1 | L15: Chưa làm
... A26: 6.3 | B26: T6 | C26: Kiểm tra và chụp màn | D26: Chế độ giảm animation | E26: Bật cờ thì mọi animation nhảy thẳng tới kết quả (D-021) | F26: — | G26: — | H26: 0 | I26: 1 | J26: =H26+I26 | K26: 4.2, 5.1 | L26: Chưa làm
C27: TỔNG | H27: =SUM(H2:H26) | I27: =SUM(I2:I26) | J27: =SUM(J2:J26)
